date,route,season,month,significant_wave_height_m,wind_speed_knots,sea_state_code,speed_reduction_pct,fuel_increase_pct,voyage_delay_days
1/3/2025,australia_south_korea,winter,1,1.7,14.7,3,14.37,8.6,0.656
1/3/2025,south_africa_china,winter,1,3.02,11,5,22,14.5,1.524
1/4/2025,indonesia_india,winter,1,1.71,8.8,3,9.76,4.24,0.431
1/5/2025,west_africa_india,winter,1,1.96,14.2,3,16.01,9.78,0.768
1/5/2025,brazil_china,winter,1,2.16,12.5,3,16.27,9.91,1.331
1/5/2025,brazil_malaysia,winter,1,2.6,18.1,3,24.31,16.82,1.746
1/5/2025,canada_china,winter,1,2.5,11.2,3,17.95,11.58,0.925
1/5/2025,australia_china,winter,1,3.26,14.2,5,26.44,15.9,1.354
1/7/2025,indonesia_india,winter,1,2.56,14.7,3,21.21,12.13,1.112
1/7/2025,south_africa_china,winter,1,2.1,10,3,13.82,7.42,0.711
1/7/2025,australia_south_korea,winter,1,2,16.3,3,18.07,12.24,1.521
1/7/2025,brazil_malaysia,winter,1,2.14,8.5,3,12.92,7.96,0.809
1/7/2025,west_africa_india,winter,1,2.59,17,3,23.36,14.68,1.328
1/7/2025,australia_china,winter,1,2.53,9.4,3,16.75,11.24,0.351
1/7/2025,brazil_china,winter,1,1.8,8.5,3,10.14,6.03,0.625
1/8/2025,canada_china,winter,1,2.7,10.7,3,19.17,13.26,1.145
1/9/2025,indonesia_india,winter,1,2,10.9,3,13.76,9.38,0.734
1/9/2025,west_africa_india,winter,1,3.01,9.9,5,20.99,13.63,1.038
1/9/2025,australia_china,winter,1,2.39,19.5,3,23.73,14.89,1.342
1/10/2025,brazil_malaysia,winter,1,2.58,8.7,3,16.61,10.28,1.283
1/11/2025,australia_south_korea,winter,1,2.2,18.6,3,21.5,14.79,1.017
1/11/2025,west_africa_india,winter,1,1.97,11.4,3,13.91,7.91,1.056
1/11/2025,indonesia_india,winter,1,3.18,14,5,25.67,14.58,1.161
1/11/2025,south_africa_china,winter,1,3.15,12.5,5,24.17,14.14,1.484
1/11/2025,brazil_china,winter,1,2.05,11.8,3,14.88,8.91,0.802
1/12/2025,canada_china,winter,1,2.98,18.2,3,27.41,18.13,1.987
1/12/2025,brazil_malaysia,winter,1,3.49,17.7,5,31.11,20.85,2.141
1/13/2025,brazil_china,winter,1,2.5,19.8,3,24.85,15.27,2.298
1/13/2025,australia_china,winter,1,3.81,16,5,32.26,21.76,1.229
1/13/2025,south_africa_china,winter,1,2.35,10.9,3,16.51,8.85,0.854
1/14/2025,indonesia_india,winter,1,1.92,14.4,3,15.91,9.88,0.895
1/15/2025,canada_china,winter,1,3.87,14.6,5,31.65,19.67,1.701
1/15/2025,west_africa_india,winter,1,2.59,11.6,3,19.05,11.65,0.967
1/15/2025,brazil_china,winter,1,2.03,17.6,3,19.34,12.63,1.214
1/15/2025,australia_south_korea,winter,1,2.22,15.8,3,19.34,13.5,1.483
1/16/2025,australia_china,winter,1,1.51,12.2,3,10.91,5.7,0.896
1/16/2025,brazil_malaysia,winter,1,1.66,15.6,3,14.77,8.85,1.371
1/16/2025,south_africa_china,winter,1,2.28,9.4,3,14.72,7.39,1.053
1/17/2025,west_africa_india,winter,1,1.74,7,3,8.55,4.72,0.64
1/17/2025,australia_south_korea,winter,1,2.76,11.3,3,20.16,11.2,1.261
1/18/2025,canada_china,winter,1,2.91,17.2,3,26.11,16.92,1.746
1/18/2025,indonesia_india,winter,1,2.88,12.9,3,22.41,13.56,1.054
1/18/2025,brazil_china,winter,1,2.58,14.5,3,21.23,15.31,1.513
1/18/2025,brazil_malaysia,winter,1,1.67,15.5,3,14.76,7.91,1.335
1/19/2025,australia_china,winter,1,2.45,6.3,3,13.61,6.96,0.391
1/20/2025,south_africa_china,winter,1,1.84,10.4,3,11.98,7.74,0.806
1/20/2025,west_africa_india,winter,1,1.75,14.7,3,14.8,11.34,0.924
1/20/2025,australia_south_korea,winter,1,3.33,10.1,5,23.73,14.98,1.254
1/20/2025,brazil_china,winter,1,1.92,10.1,3,12.49,7.88,0.339
1/21/2025,indonesia_india,winter,1,2.11,14.3,3,17.38,11.98,0.788
1/22/2025,australia_china,winter,1,3.18,11.5,5,23.62,15.45,1.434
1/22/2025,canada_china,winter,1,3.24,19,5,30.16,20.45,1.773
1/22/2025,brazil_malaysia,winter,1,2.75,18.8,3,26.02,14.72,1.652
1/23/2025,australia_south_korea,winter,1,2.51,13.3,3,19.74,10.83,1.05
1/23/2025,south_africa_china,winter,1,2.56,13.7,3,20.43,12.92,1.549
1/23/2025,west_africa_india,winter,1,1.9,15,3,16.27,9.79,0.93
1/24/2025,brazil_china,winter,1,2.45,15,3,20.59,13.96,1.718
1/25/2025,indonesia_india,winter,1,1.69,10.1,3,10.55,6.66,0.571
1/25/2025,west_africa_india,winter,1,1.84,12.1,3,13.44,9.46,1.21
1/25/2025,brazil_malaysia,winter,1,2.68,15.1,3,22.56,15.9,1.462
1/25/2025,australia_south_korea,winter,1,2.49,11.3,3,17.93,11.83,0.969
1/26/2025,south_africa_china,winter,1,2.04,14.5,3,16.97,11.26,1.115
1/26/2025,canada_china,winter,1,2.63,11.9,3,19.6,12.63,1.336
1/26/2025,australia_china,winter,1,2.75,13.2,3,21.58,14.57,1.205
1/27/2025,australia_south_korea,winter,1,1.05,15.5,3,9.77,7.05,0.681
1/27/2025,brazil_china,winter,1,1.84,14.4,3,15.21,9.57,1.15
1/28/2025,west_africa_india,winter,1,2.73,14.4,3,22.38,14.7,1.296
1/28/2025,brazil_malaysia,winter,1,2.36,16.7,3,21.25,13.4,1.507
1/28/2025,canada_china,winter,1,1.47,10.3,3,8.97,5.28,0.261
1/29/2025,indonesia_india,winter,1,1.66,13.7,3,13.25,8.59,0.969
1/30/2025,australia_china,winter,1,3.29,16.1,5,28.18,19.26,1.55
1/30/2025,brazil_china,winter,1,2.31,11.8,3,16.91,10.56,0.96
1/30/2025,south_africa_china,winter,1,1.56,11.6,3,10.74,8.31,1.159
1/30/2025,australia_south_korea,winter,1,1.51,15.4,3,13.42,11.1,0.804
1/31/2025,indonesia_india,winter,1,3.52,19.6,5,32.84,20.8,1.162
1/31/2025,canada_china,winter,1,2.02,16,3,17.97,11.22,1.043
2/1/2025,brazil_china,winter,2,2.89,16.8,3,25.52,16.29,1.911
2/1/2025,australia_china,winter,2,1.3,15,3,11.33,8.46,0.811
2/1/2025,brazil_malaysia,winter,2,1.79,13.1,3,13.83,9.35,1.337
2/1/2025,west_africa_india,winter,2,1.67,19.4,3,17.83,12.47,0.944
2/2/2025,canada_china,winter,2,1.85,11.4,3,12.92,8.42,0.866
2/2/2025,south_africa_china,winter,2,2.05,12.6,3,15.51,8.86,0.899
2/2/2025,australia_south_korea,winter,2,2.78,12.3,3,21.06,12.54,1.134
2/3/2025,australia_china,winter,2,3.58,11.9,5,27.22,16.11,1.291
2/3/2025,indonesia_india,winter,2,2.62,19.7,3,25.73,18.04,1.521
2/4/2025,brazil_malaysia,winter,2,2.75,7.4,3,16.96,9.22,1.07
2/5/2025,west_africa_india,winter,2,1.89,11.1,3,12.94,7.24,0.852
2/5/2025,canada_china,winter,2,2.65,14.5,3,21.86,12.93,1.511
2/5/2025,indonesia_india,winter,2,1.95,9.9,3,12.56,7.22,0.741
2/5/2025,brazil_china,winter,2,1.95,9.5,3,12.16,7.26,0.899
2/5/2025,south_africa_china,winter,2,3.14,11.6,5,23.4,14.33,0.993
2/6/2025,australia_south_korea,winter,2,1.61,20.8,3,18.54,12.68,1.336
2/6/2025,brazil_malaysia,winter,2,3.17,10.8,5,22.99,13.77,1.942
2/7/2025,australia_china,winter,2,1.14,15.7,3,10.63,5.59,0.767
2/8/2025,west_africa_india,winter,2,2.54,14.4,3,20.84,11.48,1.237
2/8/2025,canada_china,winter,2,2.08,21.4,3,22.69,16.18,1.317
2/9/2025,indonesia_india,winter,2,1.85,15,3,15.84,10.21,0.815
2/9/2025,brazil_china,winter,2,2.87,19.2,3,27.3,17.04,2.396
2/9/2025,south_africa_china,winter,2,3.18,11.7,5,23.75,13.78,1.314
2/10/2025,west_africa_india,winter,2,1.62,16.2,3,14.95,9.34,0.965
2/10/2025,brazil_malaysia,winter,2,3.08,22,5,31.3,20.83,2.142
2/10/2025,australia_south_korea,winter,2,2.86,10.8,3,20.53,11.27,1.104
2/11/2025,canada_china,winter,2,2.58,18.5,3,24.41,16.78,1.569
2/11/2025,australia_china,winter,2,1.95,17.2,3,18.37,12.98,0.909
2/11/2025,indonesia_india,winter,2,1.56,20.3,3,17.72,11.94,0.691
2/11/2025,brazil_china,winter,2,3.57,12.6,5,27.6,16.58,2.022
2/11/2025,south_africa_china,winter,2,2.83,14.2,3,22.99,16.64,1.614
2/13/2025,australia_china,winter,2,3.08,19.5,5,29.26,18.78,1.451
2/13/2025,brazil_malaysia,winter,2,2.01,14.9,3,17.03,12.93,1.431
2/13/2025,west_africa_india,winter,2,2.81,15.4,3,23.77,15.03,1.249
2/13/2025,brazil_china,winter,2,3.49,16.8,5,30.43,19.6,2.374
2/14/2025,australia_south_korea,winter,2,3.05,15.6,5,25.85,15.89,1.679
2/14/2025,indonesia_india,winter,2,2.86,7.3,3,17.71,12.13,0.748
2/15/2025,south_africa_china,winter,2,1.86,17.9,3,18.16,10.45,1.654
2/15/2025,canada_china,winter,2,2.21,19.8,3,22.52,16.92,0.862
2/15/2025,australia_china,winter,2,2.53,13.6,3,20.19,13.78,0.903
2/15/2025,brazil_china,winter,2,2.57,16.6,3,22.84,15.02,1.828
2/17/2025,brazil_malaysia,winter,2,3.13,16.3,5,27.12,18.61,2.037
2/17/2025,canada_china,winter,2,2.86,12.2,3,21.67,12.72,1.086
2/17/2025,west_africa_india,winter,2,2.09,19.5,3,21.28,14.59,1.33
2/17/2025,brazil_china,winter,2,1.75,10.9,3,11.7,6.86,1.304
2/17/2025,australia_south_korea,winter,2,2.72,18.7,3,25.64,18.71,1.537
2/18/2025,indonesia_india,winter,2,2.35,17.4,3,21.76,12.52,0.768
2/19/2025,west_africa_india,winter,2,3.36,12.6,5,25.95,17.15,1.536
2/19/2025,south_africa_china,winter,2,1.91,11.3,3,13.31,8.2,0.999
2/19/2025,brazil_malaysia,winter,2,2.18,10.5,3,14.79,9.06,1.351
2/19/2025,australia_china,winter,2,1.93,10.7,3,12.94,7.21,0.515
2/20/2025,australia_south_korea,winter,2,3.62,19,5,33.22,21.55,1.795
2/21/2025,canada_china,winter,2,2.95,19,3,27.79,19.77,2.031
2/21/2025,brazil_china,winter,2,2.35,16.3,3,20.8,11.29,1.843
2/22/2025,west_africa_india,winter,2,2.3,8.5,3,14.22,7.95,1.083
2/22/2025,indonesia_india,winter,2,2.54,18,3,23.76,15.56,1.03
2/23/2025,south_africa_china,winter,2,2.07,10.1,3,13.64,8.48,0.574
2/23/2025,australia_china,winter,2,2.17,7,3,11.94,7.04,0.584
2/23/2025,brazil_malaysia,winter,2,2.89,10.9,3,20.84,14.34,1.73
2/23/2025,australia_south_korea,winter,2,2.61,10.5,3,18.24,12.38,0.798
2/24/2025,brazil_china,winter,2,3.29,8.6,5,22.21,14.74,1.784
2/24/2025,west_africa_india,winter,2,2.84,9.4,3,19.29,10.14,0.954
2/24/2025,canada_china,winter,2,3.36,19.1,5,31.11,19.83,1.837
2/25/2025,australia_china,winter,2,2.62,16,3,22.74,15.91,1.684
2/25/2025,indonesia_india,winter,2,1.38,13.6,3,10.95,4.59,0.81
2/25/2025,south_africa_china,winter,2,3.79,12.4,5,29.18,17.76,1.911
2/26/2025,brazil_malaysia,winter,2,2.03,8.8,3,12.3,8.85,1.043
2/26/2025,australia_south_korea,winter,2,2.54,9.8,3,17.2,10.95,1.373
2/26/2025,canada_china,winter,2,1.87,17.1,3,17.68,11.86,0.945
2/27/2025,south_africa_china,winter,2,3.03,11.1,5,22.1,14.71,1.581
2/28/2025,west_africa_india,winter,2,2.31,8.2,3,14.09,9.83,0.884
2/28/2025,brazil_china,winter,2,3.25,4.5,5,18.6,11.57,1.424
2/28/2025,indonesia_india,winter,2,2,20.9,3,21.73,16.17,1.177
3/1/2025,australia_south_korea,spring,3,2.56,8.5,3,16.27,8.99,1.184
3/1/2025,australia_china,spring,3,3.26,11,5,23.92,17.12,1.383
3/1/2025,canada_china,spring,3,2.38,13.6,3,18.87,10.35,1.197
3/2/2025,brazil_malaysia,spring,3,3.73,10.1,5,26.92,15.81,2.09
3/3/2025,australia_china,spring,3,2.38,18.4,3,22.79,14.01,1.408
3/3/2025,indonesia_india,spring,3,3.72,12.1,5,28.44,16.12,1.5
3/3/2025,brazil_china,spring,3,2.26,13.7,3,18.05,12.79,0.928
3/3/2025,south_africa_china,spring,3,3.21,9,5,21.91,12.83,1.318
3/4/2025,brazil_malaysia,spring,3,3.18,10,5,22.47,16.01,1.198
3/4/2025,west_africa_india,spring,3,2.49,12.3,3,18.76,10.83,1.183
3/5/2025,brazil_china,spring,3,2.57,13.7,3,20.55,12.77,1.599
3/5/2025,canada_china,spring,3,2.88,17.3,3,25.83,16.14,1.226
3/5/2025,australia_south_korea,spring,3,2.56,12.1,3,19.21,12.98,1.146
3/6/2025,south_africa_china,spring,3,2.06,13.4,3,16.17,9.97,1.367
3/7/2025,indonesia_india,spring,3,1.66,12.6,3,12.36,6.19,0.64
3/7/2025,australia_china,spring,3,1.63,17,3,15.68,10.05,0.815
3/7/2025,canada_china,spring,3,2.42,9.5,3,15.9,10.34,1.154
3/7/2025,brazil_malaysia,spring,3,2.64,11.1,3,18.99,12.27,1.536
3/8/2025,south_africa_china,spring,3,2.35,18.1,3,22.27,15.38,1.269
3/8/2025,australia_south_korea,spring,3,2.41,8,3,14.67,8.67,0.867
3/8/2025,brazil_china,spring,3,2.96,10.6,3,21.14,13.53,1.26
3/8/2025,west_africa_india,spring,3,1.95,11.6,3,13.87,8.72,0.438
3/10/2025,west_africa_india,spring,3,2.03,10.4,3,13.52,7.35,0.76
3/10/2025,brazil_china,spring,3,3.02,14.4,5,24.68,16.53,1.516
3/10/2025,brazil_malaysia,spring,3,3.77,10.4,5,27.44,15.83,1.631
3/11/2025,canada_china,spring,3,1.96,14.9,3,16.59,9.52,1.199
3/11/2025,australia_china,spring,3,2.27,11.2,3,16.17,10.22,0.7
3/11/2025,indonesia_india,spring,3,2.21,20.2,3,22.83,17.61,1.204
3/12/2025,brazil_malaysia,spring,3,1.73,11.5,3,12.04,7.88,1.137
3/12/2025,south_africa_china,spring,3,1.57,16.6,3,14.85,10.03,1.481
3/12/2025,australia_south_korea,spring,3,3.86,11.8,5,29.34,18.71,1.642
3/13/2025,west_africa_india,spring,3,2.94,17.3,3,26.4,16.83,1.592
3/13/2025,australia_china,spring,3,1.25,14,3,10.21,7.87,0.91
3/14/2025,brazil_china,spring,3,2.4,20.9,3,24.9,18.39,1.948
3/14/2025,canada_china,spring,3,2.63,12.8,3,20.28,12.54,1.732
3/15/2025,indonesia_india,spring,3,1.86,12.7,3,13.99,9.21,0.734
3/16/2025,south_africa_china,spring,3,3.15,16.7,5,27.61,17.51,1.617
3/16/2025,australia_south_korea,spring,3,2.22,13.3,3,17.35,10.91,1.06
3/16/2025,west_africa_india,spring,3,2.49,16.8,3,22.34,15.4,1.184
3/16/2025,brazil_malaysia,spring,3,2.17,18.4,3,21.05,13.55,1.819
3/17/2025,canada_china,spring,3,1.95,12.2,3,14.36,12.99,1.195
3/17/2025,australia_china,spring,3,3.57,16.6,5,30.84,18.72,1.372
3/18/2025,west_africa_india,spring,3,3.74,15.3,5,31.17,21.48,2.123
3/18/2025,brazil_china,spring,3,2.08,12.1,3,15.37,10.04,0.989
3/18/2025,indonesia_india,spring,3,1.74,10.3,3,11.14,6.11,0.699
3/19/2025,australia_south_korea,spring,3,3.41,13.7,5,27.24,17,1.318
3/19/2025,brazil_malaysia,spring,3,3.15,14.1,5,25.47,16.55,1.981
3/20/2025,indonesia_india,spring,3,2.11,14.9,3,17.82,11.48,0.699
3/20/2025,brazil_china,spring,3,3.61,13.7,5,28.9,18.51,2.181
3/20/2025,australia_china,spring,3,2.53,17.5,3,23.24,14.33,1.479
3/20/2025,south_africa_china,spring,3,2.17,20.4,3,22.73,13.88,1.582
3/21/2025,west_africa_india,spring,3,1.96,19,3,19.92,11.84,1.437
3/21/2025,canada_china,spring,3,2.97,18.5,3,27.52,18.68,1.992
3/22/2025,brazil_malaysia,spring,3,2.85,13.3,3,22.44,14.7,1.529
3/23/2025,australia_south_korea,spring,3,3.7,19,5,33.77,22.27,1.523
3/23/2025,canada_china,spring,3,2.63,18.7,3,25.01,16.86,1.562
3/23/2025,indonesia_india,spring,3,3.66,13.7,5,29.25,19.36,1.423
3/23/2025,west_africa_india,spring,3,1.45,11.7,3,9.99,5.08,1.004
3/24/2025,australia_china,spring,3,3.07,11.3,5,22.56,12.6,1.323
3/24/2025,south_africa_china,spring,3,2.87,13.4,3,22.67,13.49,1.696
3/24/2025,brazil_china,spring,3,3.24,16.1,5,27.8,17.32,2.28
3/26/2025,west_africa_india,spring,3,3.26,12.3,5,24.9,16.97,1.302
3/26/2025,brazil_malaysia,spring,3,2.91,7,3,17.93,11.12,1.039
3/27/2025,brazil_china,spring,3,3.65,10.7,5,26.77,16.83,2.029
3/27/2025,australia_south_korea,spring,3,2.16,18.9,3,21.37,13.62,1.14
3/27/2025,indonesia_india,spring,3,1.98,11.8,3,14.29,10.66,1.097
3/27/2025,australia_china,spring,3,2.37,18.8,3,22.98,17.83,1.267
3/27/2025,canada_china,spring,3,3.53,8.6,5,24.12,13.69,1.6
3/27/2025,south_africa_china,spring,3,1.63,17.3,3,15.91,10.72,1.072
3/28/2025,brazil_malaysia,spring,3,2.86,11.6,3,21.12,12.56,1.523
3/29/2025,australia_south_korea,spring,3,1.68,10.5,3,10.84,6.12,1.098
3/29/2025,australia_china,spring,3,2.8,17.2,3,25.11,16.47,1.267
3/29/2025,canada_china,spring,3,3.11,12.8,5,24.1,15.07,1.354
3/29/2025,west_africa_india,spring,3,2.83,19.1,3,26.98,18.79,1.446
3/30/2025,indonesia_india,spring,3,2.75,8.6,3,17.92,10.54,1.075
3/30/2025,south_africa_china,spring,3,2.1,13.9,3,16.89,11.8,1.427
3/30/2025,brazil_china,spring,3,1.48,12.3,3,10.62,6.72,1.02
3/31/2025,west_africa_india,spring,3,3.54,18.2,5,31.87,23.01,1.749
3/31/2025,canada_china,spring,3,1.91,19.4,3,19.84,13.43,1.399
3/31/2025,brazil_malaysia,spring,3,2.01,16,3,17.83,12.35,1.114
4/1/2025,australia_china,spring,4,3.29,20.7,5,31.91,21.67,1.728
4/1/2025,australia_south_korea,spring,4,3.47,16.9,5,30.25,20.59,1.613
4/2/2025,canada_china,spring,4,2.62,14.1,3,21.24,13.65,0.928
4/2/2025,brazil_china,spring,4,1.8,17.6,3,17.52,10.78,1.567
4/2/2025,west_africa_india,spring,4,1.17,13,3,8.77,6.04,0.809
4/3/2025,australia_china,spring,4,1.85,9.8,3,11.67,8.54,0.469
4/3/2025,brazil_malaysia,spring,4,3.4,11.7,5,25.59,15.18,2
4/3/2025,indonesia_india,spring,4,2.15,12.7,3,16.37,8.45,0.959
4/3/2025,south_africa_china,spring,4,1.54,15.4,3,13.66,8.53,1.215
4/4/2025,canada_china,spring,4,2.36,17,3,21.51,12.74,1.33
4/4/2025,west_africa_india,spring,4,1.67,16.8,3,15.77,10.93,0.876
4/5/2025,australia_south_korea,spring,4,1.86,18.2,3,18.46,12.03,1.119
4/5/2025,indonesia_india,spring,4,2.99,17.3,3,26.73,16.94,1.523
4/5/2025,brazil_china,spring,4,2.97,17.5,3,26.8,19.41,2.076
4/5/2025,brazil_malaysia,spring,4,2.94,17.9,3,26.86,18.41,1.814
4/6/2025,south_africa_china,spring,4,2.61,18.1,3,24.41,15.86,1.383
4/7/2025,australia_china,spring,4,2.64,17.2,3,23.92,14.61,1.105
4/7/2025,west_africa_india,spring,4,2.13,14.5,3,17.61,12.56,1.107
4/7/2025,brazil_china,spring,4,2.04,17.3,3,19.09,12.62,1.437
4/8/2025,canada_china,spring,4,3.3,19.3,5,30.83,19.64,1.785
4/8/2025,south_africa_china,spring,4,2.47,9.8,3,16.67,9.56,1.325
4/9/2025,australia_south_korea,spring,4,1.15,9.2,3,5.58,3.28,0.356
4/9/2025,brazil_malaysia,spring,4,3.71,13.1,5,29.18,17.1,2.073
4/9/2025,indonesia_india,spring,4,1.88,11.3,3,13.09,9.34,0.666
4/11/2025,brazil_malaysia,spring,4,1.96,15.8,3,17.31,10.9,1.459
4/11/2025,australia_china,spring,4,2.54,6.8,3,14.75,9.27,0.444
4/11/2025,west_africa_india,spring,4,2.06,16.9,3,19.07,12.51,0.994
4/11/2025,brazil_china,spring,4,3.61,16.9,5,31.41,20.19,2.416
4/11/2025,indonesia_india,spring,4,2.22,12.9,3,17.07,11.02,0.997
4/11/2025,australia_south_korea,spring,4,3.3,20.4,5,31.75,22.78,1.823
4/12/2025,canada_china,spring,4,1.5,20.1,3,17.03,11.53,0.908
4/12/2025,south_africa_china,spring,4,2.45,14.9,3,20.5,14.53,1.136
4/13/2025,brazil_malaysia,spring,4,2.45,12.6,3,18.67,13,1.579
4/13/2025,brazil_china,spring,4,2.9,11.5,3,21.4,14.57,1.408
4/13/2025,australia_south_korea,spring,4,2.11,16.4,3,18.94,13.06,1.284
4/14/2025,australia_china,spring,4,3,13.6,3,23.89,15.25,1.08
4/14/2025,indonesia_india,spring,4,2.11,7.3,3,11.75,7.44,0.557
4/14/2025,south_africa_china,spring,4,3.09,12.5,5,23.67,14.75,1.46
4/15/2025,canada_china,spring,4,1.7,12.4,3,12.49,7.57,0.669
4/15/2025,west_africa_india,spring,4,2.47,16.5,3,21.98,13.61,1.272
4/15/2025,brazil_china,spring,4,1.36,11.5,3,9.1,5.75,0.963
4/16/2025,south_africa_china,spring,4,3.28,11.2,5,24.15,14.92,1.371
4/16/2025,australia_china,spring,4,1.69,9.4,3,9.98,6.47,0.203
4/17/2025,indonesia_india,spring,4,2.65,9.9,3,18.16,12.88,0.612
4/17/2025,brazil_malaysia,spring,4,2.35,11.4,3,16.93,8.39,1.587
4/17/2025,west_africa_india,spring,4,2.38,11.1,3,16.86,10.08,0.849
4/17/2025,brazil_china,spring,4,3.13,16.7,5,27.43,16.86,2.046
4/17/2025,australia_south_korea,spring,4,1.7,19.5,3,18.17,12.08,1.457
4/18/2025,australia_china,spring,4,2.03,18.9,3,20.34,12.73,1.475
4/19/2025,canada_china,spring,4,1.33,15.4,3,11.97,6.8,1.261
4/19/2025,brazil_china,spring,4,2.48,9.3,3,16.24,11.07,1.027
4/19/2025,brazil_malaysia,spring,4,1.71,4.8,3,6.51,2.4,0.515
4/20/2025,south_africa_china,spring,4,2.6,15.7,3,22.35,13.26,1.764
4/20/2025,australia_china,spring,4,3.05,13.9,5,24.53,14.92,1.601
4/20/2025,australia_south_korea,spring,4,2.12,8.7,3,12.92,9.1,0.838
4/21/2025,west_africa_india,spring,4,1.68,11.4,3,11.59,9.27,0.889
4/21/2025,brazil_malaysia,spring,4,2.2,15.3,3,18.84,11.7,1.794
4/21/2025,canada_china,spring,4,2.42,15.4,3,20.68,13.75,1.357
4/21/2025,indonesia_india,spring,4,2.69,12.7,3,20.69,12.16,1.163
4/22/2025,south_africa_china,spring,4,3.47,13.9,5,27.86,17.35,1.24
4/22/2025,australia_china,spring,4,1.7,13.6,3,13.52,9.6,0.658
4/23/2025,canada_china,spring,4,2.54,8.8,3,16.41,9.78,0.795
4/23/2025,brazil_china,spring,4,2.6,16.6,3,23.04,14.14,1.637
4/24/2025,brazil_malaysia,spring,4,2.46,16.3,3,21.78,13.87,1.687
4/24/2025,australia_china,spring,4,3.61,14.6,5,29.57,18.1,1.709
4/24/2025,australia_south_korea,spring,4,1.81,13.8,3,14.55,9.54,0.767
4/25/2025,indonesia_india,spring,4,1.6,11.4,3,10.88,6.05,0.767
4/25/2025,canada_china,spring,4,2.16,10.4,3,14.59,9.22,0.633
4/25/2025,west_africa_india,spring,4,3.05,15.7,5,25.99,15.08,1.348
4/26/2025,south_africa_china,spring,4,3,14.7,3,24.72,15.35,1.553
4/26/2025,brazil_china,spring,4,2.2,12.9,3,16.89,9.16,1.401
4/26/2025,australia_china,spring,4,2.39,13.1,3,18.59,11.94,0.96
4/27/2025,brazil_malaysia,spring,4,2.52,13.4,3,19.89,10.85,1.085
4/28/2025,west_africa_india,spring,4,2.44,17.6,3,22.57,15.1,1.276
4/28/2025,south_africa_china,spring,4,2.13,9.9,3,13.89,8.44,0.649
4/28/2025,australia_south_korea,spring,4,3.18,12.2,5,24.21,15.63,1.33
4/29/2025,brazil_china,spring,4,3.55,12.2,5,27.13,15.53,1.711
4/29/2025,australia_china,spring,4,2.73,14.8,3,22.7,15.46,1.327
4/29/2025,indonesia_india,spring,4,3.49,17.6,5,31,19.19,1.601
4/29/2025,canada_china,spring,4,2.85,13.2,3,22.41,14.29,1.304
4/30/2025,brazil_malaysia,spring,4,3.06,14.2,5,24.82,16.6,1.604
4/30/2025,south_africa_china,spring,4,2.26,14.2,3,18.4,12.59,1.245
5/1/2025,australia_south_korea,spring,5,3.54,15.6,5,29.81,20.98,1.418
5/1/2025,canada_china,spring,5,1.43,14.6,3,12.17,8.21,0.879
5/1/2025,west_africa_india,spring,5,2.3,15.4,3,19.72,13.03,1.245
5/2/2025,brazil_malaysia,spring,5,2.2,17,3,20.15,13.61,1.439
5/3/2025,west_africa_india,spring,5,2.69,13,3,20.92,13.92,1.039
5/3/2025,australia_china,spring,5,3.49,19,5,32.13,21.06,1.525
5/3/2025,brazil_china,spring,5,2.02,13.3,3,15.84,10.31,1.003
5/3/2025,indonesia_india,spring,5,3.09,15.8,5,26.35,15.86,1.052
5/4/2025,south_africa_china,spring,5,2.87,17.6,3,26.01,16.92,1.584
5/5/2025,brazil_china,spring,5,3.01,13.6,5,23.94,15.31,1.667
5/5/2025,australia_south_korea,spring,5,2.23,16.1,3,19.72,10.61,0.844
5/5/2025,brazil_malaysia,spring,5,2.8,21.7,3,28.78,19.46,2.368
5/5/2025,australia_china,spring,5,2.55,20.4,3,25.7,16.36,1.608
5/5/2025,canada_china,spring,5,2.53,10.2,3,17.4,10.62,1.169
5/7/2025,brazil_malaysia,spring,5,1.75,8.2,3,9.61,6.84,0.77
5/7/2025,australia_china,spring,5,3.28,10.6,5,23.72,14.72,1.551
5/7/2025,west_africa_india,spring,5,2.19,10.6,3,15.02,10.93,1.061
5/7/2025,indonesia_india,spring,5,1.85,8.8,3,10.85,7.23,0.588
5/7/2025,south_africa_china,spring,5,1.67,13.2,3,12.94,8.09,0.835
5/8/2025,canada_china,spring,5,2.14,10.9,3,14.8,8.74,0.867
5/8/2025,brazil_china,spring,5,3.34,18.2,5,30.28,19.11,2.065
5/9/2025,australia_south_korea,spring,5,2.39,19.4,3,23.65,15.24,1.325
5/9/2025,brazil_malaysia,spring,5,2.68,9.8,3,18.29,12.73,1.247
5/10/2025,australia_china,spring,5,2.87,18.5,3,26.74,16.73,1.524
5/10/2025,west_africa_india,spring,5,3.16,13.7,5,25.24,17.49,1.207
5/10/2025,brazil_china,spring,5,2.8,19,3,26.6,18.54,2.049
5/10/2025,south_africa_china,spring,5,1.81,15.2,3,15.67,10.55,1.197
5/10/2025,indonesia_india,spring,5,3.34,15.8,5,28.36,17.81,1.487
5/11/2025,canada_china,spring,5,1.53,15.9,3,13.95,9.62,1.073
5/12/2025,brazil_china,spring,5,2.02,19.2,3,20.51,16.21,1.904
5/12/2025,south_africa_china,spring,5,2.57,17.1,3,23.22,14.97,1.652
5/12/2025,west_africa_india,spring,5,2.51,20.3,3,25.32,16.81,1.991
5/13/2025,brazil_malaysia,spring,5,3.14,14.9,5,26.05,15.75,1.998
5/13/2025,australia_south_korea,spring,5,3.34,17.6,5,29.76,20.9,1.307
5/13/2025,indonesia_india,spring,5,2.1,10.3,3,13.98,10.07,1.045
5/14/2025,australia_china,spring,5,2.94,15.5,3,24.95,15.58,1.618
5/14/2025,brazil_china,spring,5,2.99,17.8,3,27.15,17.39,2.094
5/14/2025,canada_china,spring,5,3.15,9.3,5,21.56,12.99,1.335
5/15/2025,australia_south_korea,spring,5,2.05,14.9,3,17.35,10.92,1.163
5/15/2025,brazil_malaysia,spring,5,3.28,8.7,5,22.23,14.06,1.632
5/16/2025,south_africa_china,spring,5,2.31,18.9,3,22.63,14.38,1.687
5/16/2025,australia_china,spring,5,2.17,10.6,3,14.79,8.88,0.717
5/16/2025,west_africa_india,spring,5,2.98,18.3,3,27.44,18.71,1.498
5/17/2025,indonesia_india,spring,5,3.69,13.9,5,29.63,19.63,1.533
5/17/2025,brazil_china,spring,5,2.83,14.9,3,23.58,12.86,1.74
5/17/2025,brazil_malaysia,spring,5,3.55,17.3,5,31.19,21.11,1.966
5/17/2025,canada_china,spring,5,2.94,10.1,3,20.57,13.44,1.403
5/18/2025,australia_south_korea,spring,5,3.38,10.2,5,24.19,15.73,1.461
5/18/2025,south_africa_china,spring,5,3.14,11.7,5,23.52,15.85,1.879
5/18/2025,australia_china,spring,5,3.23,18.5,5,29.62,20.3,2.071
5/20/2025,indonesia_india,spring,5,2.86,18.6,3,26.8,17.06,1.093
5/20/2025,west_africa_india,spring,5,1.56,14.4,3,13.04,7.94,0.949
5/20/2025,australia_china,spring,5,2.02,13.8,3,16.18,10.61,1.006
5/20/2025,brazil_malaysia,spring,5,2.65,16.7,3,23.53,14.61,1.787
5/21/2025,brazil_china,spring,5,2.77,9.6,3,18.86,13.26,1.094
5/21/2025,south_africa_china,spring,5,3.12,20.5,5,30.35,21.21,2.385
5/21/2025,canada_china,spring,5,2.16,15.1,3,18.35,11.19,0.589
5/21/2025,australia_south_korea,spring,5,2.71,19.2,3,26.1,18.61,1.704
5/22/2025,australia_china,spring,5,2.51,12.3,3,18.92,11.61,0.981
5/23/2025,indonesia_india,spring,5,2.34,15.9,3,20.38,12.47,1.212
5/23/2025,australia_south_korea,spring,5,1.68,15,3,14.4,10.37,0.733
5/23/2025,brazil_malaysia,spring,5,2.17,17.3,3,20.21,14.19,1.601
5/24/2025,canada_china,spring,5,2.35,20.8,3,24.4,15.44,1.57
5/24/2025,brazil_china,spring,5,2.68,15.3,3,22.71,14.17,1.974
5/24/2025,australia_china,spring,5,2.78,9.4,3,18.71,11.74,0.952
5/24/2025,west_africa_india,spring,5,1.35,17.4,3,13.66,9.5,1.273
5/25/2025,australia_south_korea,spring,5,2.39,12.2,3,17.84,12.52,1.303
5/25/2025,south_africa_china,spring,5,2.83,15.9,3,24.33,15.55,1.578
5/25/2025,indonesia_india,spring,5,1.79,19.3,3,18.74,11.26,0.75
5/26/2025,australia_china,spring,5,2.28,18.9,3,22.41,15.6,1.273
5/27/2025,brazil_malaysia,spring,5,2.14,15.2,3,18.27,10.57,1.165
5/27/2025,australia_south_korea,spring,5,2.93,10.8,3,21.11,11.99,1.234
5/28/2025,brazil_china,spring,5,3.04,12.2,5,23.11,15.04,1.317
5/28/2025,indonesia_india,spring,5,1.68,9.4,3,9.97,5.41,0.558
5/28/2025,canada_china,spring,5,2.78,9.7,3,18.96,12.83,0.668
5/28/2025,south_africa_china,spring,5,2.7,13,3,21.04,13.94,1.394
5/28/2025,west_africa_india,spring,5,1.81,19.3,3,18.9,13.12,1.551
5/29/2025,brazil_malaysia,spring,5,3.12,12.6,5,24,15.39,1.57
5/29/2025,australia_china,spring,5,2.21,15.9,3,19.46,10.76,0.928
5/30/2025,canada_china,spring,5,2.86,13.8,3,22.92,13.87,1.244
5/30/2025,brazil_china,spring,5,3.44,14.3,5,27.93,17.09,1.824
5/30/2025,australia_south_korea,spring,5,2.28,18.3,3,21.85,14.45,1.369
5/31/2025,south_africa_china,spring,5,3.55,19.4,5,32.96,22.14,2.249
5/31/2025,australia_china,spring,5,1.32,9.4,3,7.03,4.97,0.693
5/31/2025,indonesia_india,spring,5,1.95,15.5,3,16.99,11.63,0.796
5/31/2025,west_africa_india,spring,5,3.71,18,5,33.08,21.61,2.247
5/31/2025,brazil_malaysia,spring,5,2.14,19.3,3,21.6,14.34,1.64
6/2/2025,canada_china,summer,6,1.96,8,3,11.07,6.92,0.415
6/2/2025,brazil_malaysia,summer,6,2.78,14.7,3,23.03,14.08,1.474
6/2/2025,australia_china,summer,6,1.81,5.3,3,7.73,3.95,0.773
6/2/2025,australia_south_korea,summer,6,1.51,8.5,3,7.9,5.28,0.766
6/3/2025,south_africa_china,summer,6,2.66,7.8,3,16.53,9.5,1.1
6/3/2025,brazil_china,summer,6,3.46,18.1,5,31.17,20.91,2.264
6/3/2025,indonesia_india,summer,6,2.44,7.6,3,14.59,8.9,0.391
6/4/2025,australia_china,summer,6,3.51,8.9,5,24.18,15.38,1.227
6/4/2025,west_africa_india,summer,6,2.41,17.1,3,21.93,12.53,1.253
6/4/2025,brazil_malaysia,summer,6,3.22,19.4,5,30.32,20.11,1.843
6/5/2025,australia_south_korea,summer,6,1.69,9.7,3,10.26,7.64,1.101
6/6/2025,australia_china,summer,6,1.66,19.1,3,17.62,11.57,1.036
6/6/2025,canada_china,summer,6,3.03,16.6,5,26.52,18.74,1.651
6/6/2025,brazil_china,summer,6,2.55,13.6,3,20.28,14.01,1.557
6/6/2025,indonesia_india,summer,6,1.98,9,3,12.08,9.98,0.489
6/7/2025,south_africa_china,summer,6,2.75,5.6,3,15.44,9.78,0.874
6/8/2025,west_africa_india,summer,6,2.57,13.9,3,20.72,12.28,1.169
6/8/2025,australia_china,summer,6,2.01,10.2,3,13.23,8.52,0.43
6/8/2025,canada_china,summer,6,2.71,15.5,3,23.14,14.62,1.423
6/8/2025,brazil_malaysia,summer,6,3.24,14.8,5,26.74,17.89,1.673
6/9/2025,indonesia_india,summer,6,2.08,11,3,14.49,8.75,0.737
6/9/2025,australia_south_korea,summer,6,2.79,17.2,3,25.06,15.72,1.659
6/10/2025,australia_china,summer,6,3.09,15.2,5,25.92,16.32,1.47
6/10/2025,brazil_china,summer,6,2.3,10.3,3,15.64,8.98,1.236
6/10/2025,west_africa_india,summer,6,1.96,15.3,3,16.91,11.93,0.987
6/10/2025,canada_china,summer,6,3.53,13.1,5,27.69,15.73,1.765
6/11/2025,indonesia_india,summer,6,1.65,12.6,3,12.28,8.81,0.814
6/11/2025,south_africa_china,summer,6,1.72,14.2,3,14.09,8.28,0.849
6/11/2025,brazil_malaysia,summer,6,3.21,10.4,5,23,16.81,1.789
6/12/2025,australia_china,summer,6,2.28,20.1,3,23.29,14.96,1.414
6/12/2025,west_africa_india,summer,6,2.24,10.1,3,15.07,10.3,1.11
6/13/2025,brazil_china,summer,6,3.54,9.1,5,24.66,16.29,1.678
6/13/2025,australia_south_korea,summer,6,3.47,19.2,5,32.08,20.38,2.022
6/14/2025,indonesia_india,summer,6,2.1,11.4,3,14.91,11.38,0.816
6/14/2025,canada_china,summer,6,2.78,17.6,3,25.33,15.8,1.406
6/14/2025,south_africa_china,summer,6,3.08,13.9,5,24.72,15.39,1.618
6/14/2025,australia_china,summer,6,3.5,17.3,5,30.85,20.51,1.627
6/15/2025,brazil_malaysia,summer,6,2.63,15.5,3,22.42,16.13,1.554
6/16/2025,west_africa_india,summer,6,2.75,16.5,3,24.19,15.24,1.583
6/16/2025,south_africa_china,summer,6,2.88,13.2,3,22.66,14.09,1.389
6/17/2025,australia_south_korea,summer,6,3.51,11.3,5,26.14,16.72,1.434
6/17/2025,brazil_malaysia,summer,6,2.29,20.4,3,23.62,17.14,1.894
6/17/2025,brazil_china,summer,6,2.33,13.8,3,18.67,11.7,1.289
6/17/2025,canada_china,summer,6,2.82,12.3,3,21.42,13.25,1.645
6/17/2025,australia_china,summer,6,1.66,9.1,3,9.51,5.46,0.1
6/18/2025,indonesia_india,summer,6,3.02,14.5,5,24.72,16.78,0.979
6/19/2025,west_africa_india,summer,6,1.86,9.5,3,11.52,8.14,0.88
6/19/2025,canada_china,summer,6,3.09,11.1,5,22.6,12.95,1.56
6/19/2025,australia_south_korea,summer,6,3.71,16.5,5,31.84,20.99,1.347
6/19/2025,brazil_china,summer,6,0.96,14.7,3,8.46,4.77,0.998
6/19/2025,south_africa_china,summer,6,1.98,12.4,3,14.71,9.97,0.677
6/20/2025,brazil_malaysia,summer,6,3.19,16.8,5,27.97,17.6,1.829
6/21/2025,australia_china,summer,6,2.59,16.5,3,22.9,14.56,1.166
6/22/2025,brazil_malaysia,summer,6,2.6,13.8,3,20.85,12.15,1.714
6/22/2025,south_africa_china,summer,6,2.59,15.8,3,22.42,15.13,1.608
6/22/2025,indonesia_india,summer,6,3.08,17.5,5,27.64,17.34,1.47
6/23/2025,west_africa_india,summer,6,2.05,18.3,3,20.06,11.48,1.425
6/23/2025,canada_china,summer,6,2.6,17.3,3,23.61,17.34,1.058
6/23/2025,australia_south_korea,summer,6,1.54,17.5,3,15.33,10.71,0.897
6/23/2025,brazil_china,summer,6,3.43,16.5,5,29.65,18.4,2.462
6/24/2025,brazil_malaysia,summer,6,3.02,10.2,5,21.33,12.51,1.373
6/24/2025,south_africa_china,summer,6,1.87,17.1,3,17.61,12.06,1.182
6/25/2025,indonesia_india,summer,6,3.31,9.3,5,22.91,13.01,0.979
6/25/2025,west_africa_india,summer,6,2.55,18.1,3,23.84,13.59,1.505
6/25/2025,australia_china,summer,6,2.52,19.5,3,24.74,16.33,1.539
6/25/2025,australia_south_korea,summer,6,1.72,19.7,3,18.55,11.87,0.828
6/26/2025,canada_china,summer,6,3.24,8.1,5,21.36,14.69,1.302
6/26/2025,brazil_china,summer,6,2.61,13.9,3,21,12.67,1.488
6/27/2025,west_africa_india,summer,6,1.76,13.9,3,14.13,7.96,0.686
6/27/2025,south_africa_china,summer,6,1.67,18.7,3,17.32,12.13,1.375
6/28/2025,brazil_china,summer,6,2.82,18.5,3,26.34,17.43,1.763
6/28/2025,australia_china,summer,6,2.32,15.8,3,20.23,13.17,1.426
6/28/2025,brazil_malaysia,summer,6,2.41,14.9,3,20.21,13.89,1.406
6/29/2025,west_africa_india,summer,6,2,18.7,3,19.98,14.49,0.95
6/29/2025,canada_china,summer,6,1.84,18.6,3,18.65,11.42,1.065
6/29/2025,australia_south_korea,summer,6,1.68,11.3,3,11.49,6.47,0.97
6/29/2025,indonesia_india,summer,6,1.34,13.7,3,10.72,6.86,0.251
6/30/2025,south_africa_china,summer,6,2.86,16.8,3,25.31,16.66,1.357
7/1/2025,brazil_china,summer,7,2.52,20.8,3,25.8,18.39,2.348
7/1/2025,australia_china,summer,7,2.23,13.4,3,17.61,11.13,0.721
7/2/2025,australia_south_korea,summer,7,1.96,13.5,3,15.43,10.93,0.841
7/2/2025,brazil_malaysia,summer,7,1.92,16.2,3,17.32,12.78,1.216
7/2/2025,indonesia_india,summer,7,3.56,18.5,5,32.25,21.34,1.655
7/2/2025,canada_china,summer,7,3.17,8.3,5,21.05,12.78,1.17
7/2/2025,west_africa_india,summer,7,2.76,11.6,3,20.37,12.94,1.364
7/3/2025,brazil_china,summer,7,2.93,6.8,3,17.9,10.57,1.631
7/3/2025,south_africa_china,summer,7,3.21,6.7,5,20.04,11.3,1.313
7/4/2025,brazil_malaysia,summer,7,2.15,12.8,3,16.51,11.12,1.615
7/4/2025,west_africa_india,summer,7,3.33,14.9,5,27.51,18.56,1.342
7/5/2025,indonesia_india,summer,7,2.65,6.5,3,15.34,8.94,1.149
7/5/2025,canada_china,summer,7,3.19,12.5,5,24.52,13.49,1.714
7/5/2025,australia_china,summer,7,2.8,10.4,3,19.78,11.47,1.401
7/6/2025,brazil_china,summer,7,2.15,11.2,3,15.15,8.99,1.166
7/6/2025,brazil_malaysia,summer,7,2.42,19.3,3,23.85,15.83,1.598
7/6/2025,west_africa_india,summer,7,2.53,12,3,18.79,12.74,1.062
7/6/2025,australia_south_korea,summer,7,1.87,13.2,3,14.51,8.02,1.165
7/7/2025,south_africa_china,summer,7,2.11,13.8,3,16.9,8.96,1.146
7/7/2025,australia_china,summer,7,3.91,9.6,5,27.95,16.74,1.135
7/8/2025,canada_china,summer,7,2.87,9.7,3,19.77,10.08,1.471
7/9/2025,australia_china,summer,7,1.95,19.5,3,20.23,12.31,0.888
7/9/2025,west_africa_india,summer,7,1.65,13.7,3,13.12,10.5,0.407
7/9/2025,indonesia_india,summer,7,3.21,16.7,5,28.08,18.31,1.401
7/10/2025,canada_china,summer,7,2.99,11.7,3,22.26,13.34,1.035
7/10/2025,brazil_china,summer,7,1.71,7.3,3,8.51,4.25,0.546
7/10/2025,australia_south_korea,summer,7,2.19,13.2,3,17.06,11.85,0.899
7/10/2025,brazil_malaysia,summer,7,1.46,14.6,3,12.4,6.17,0.902
7/11/2025,south_africa_china,summer,7,1.78,13,3,13.65,7.44,1.204
7/12/2025,west_africa_india,summer,7,1.98,11.8,3,14.24,9.76,0.873
7/12/2025,canada_china,summer,7,1.87,7.5,3,9.92,5.15,0.287
7/12/2025,australia_china,summer,7,2.89,18.8,3,27.15,17.51,1.566
7/12/2025,brazil_malaysia,summer,7,2.73,6.6,3,16.16,9.73,1.36
7/12/2025,brazil_china,summer,7,2.66,11.9,3,19.79,12.11,1.168
7/13/2025,indonesia_india,summer,7,2.41,17.5,3,22.23,13.15,1.143
7/13/2025,australia_south_korea,summer,7,2.13,14,3,17.28,9.56,0.777
7/14/2025,australia_china,summer,7,1.72,14.5,3,14.37,8.53,1.162
7/14/2025,south_africa_china,summer,7,2.9,11.6,3,21.42,14.44,1.117
7/14/2025,brazil_malaysia,summer,7,3.24,14.2,5,26.23,14.7,2.326
7/15/2025,west_africa_india,summer,7,3.47,15.7,5,29.25,17.75,1.526
7/15/2025,brazil_china,summer,7,2.04,10.1,3,13.35,7.43,1.021
7/16/2025,indonesia_india,summer,7,3.33,8,5,22.07,14.13,0.862
7/16/2025,canada_china,summer,7,2.64,15.9,3,22.79,14.54,1.487
7/16/2025,brazil_malaysia,summer,7,2.53,16.8,3,22.64,13.34,1.405
7/17/2025,australia_south_korea,summer,7,2.88,21.2,3,29.01,19.37,1.88
7/17/2025,australia_china,summer,7,2.68,17.3,3,24.25,15.84,1.155
7/18/2025,west_africa_india,summer,7,3.19,16.2,5,27.52,18.65,1.636
7/18/2025,south_africa_china,summer,7,2.12,9.2,3,13.27,8.63,0.557
7/18/2025,indonesia_india,summer,7,1.54,9.1,3,8.62,5.04,0.599
7/19/2025,brazil_malaysia,summer,7,1.82,17.2,3,17.34,12.46,1.164
7/19/2025,canada_china,summer,7,1.9,9.7,3,11.92,8.22,0.551
7/19/2025,brazil_china,summer,7,2.63,18.3,3,24.66,15.4,2.093
7/20/2025,south_africa_china,summer,7,2.54,9.6,3,17.05,9.86,0.728
7/20/2025,australia_china,summer,7,1.95,16.5,3,17.78,11.86,1.237
7/20/2025,indonesia_india,summer,7,2.52,17.4,3,23.04,14.89,1.484
7/21/2025,brazil_china,summer,7,2.45,19.2,3,24.01,15.95,1.969
7/21/2025,brazil_malaysia,summer,7,3.49,19,5,32.18,19.76,2.797
7/21/2025,australia_south_korea,summer,7,1.7,14.3,3,14.07,9.02,1.143
7/21/2025,west_africa_india,summer,7,3.37,14.2,5,27.37,16.52,2.125
7/22/2025,canada_china,summer,7,1.49,19.8,3,16.77,10.58,1.148
7/23/2025,australia_china,summer,7,2.66,18.8,3,25.32,15.72,1.429
7/23/2025,west_africa_india,summer,7,2.15,17.1,3,19.81,13.48,1.212
7/23/2025,australia_south_korea,summer,7,2.22,13.9,3,17.91,11.97,0.726
7/23/2025,brazil_china,summer,7,3.4,15.8,5,28.88,17.68,2.209
7/23/2025,brazil_malaysia,summer,7,2.9,11.7,3,21.5,13.01,1.832
7/24/2025,indonesia_india,summer,7,2.24,9.5,3,14.55,7.5,0.94
7/24/2025,south_africa_china,summer,7,1.66,5.5,3,6.72,3.1,0.264
7/25/2025,brazil_malaysia,summer,7,2.97,12.6,3,22.81,14.81,1.413
7/25/2025,brazil_china,summer,7,1.57,18.3,3,16.26,12.28,1.258
7/26/2025,canada_china,summer,7,2.88,10.2,3,20.23,14.62,1.325
7/26/2025,australia_china,summer,7,3.06,15.5,5,25.89,17.45,1.39
7/27/2025,south_africa_china,summer,7,2.11,10.7,3,14.45,8.24,0.921
7/27/2025,west_africa_india,summer,7,1.78,19.6,3,18.89,11.28,1.204
7/27/2025,australia_south_korea,summer,7,2.22,9,3,13.9,9.1,0.566
7/28/2025,indonesia_india,summer,7,2.9,16,3,25,16.03,1.262
7/28/2025,brazil_malaysia,summer,7,2.48,10.9,3,17.5,10.24,1.102
7/29/2025,brazil_china,summer,7,2.36,9.4,3,15.36,8.34,1.113
7/29/2025,canada_china,summer,7,2.73,19.6,3,26.52,18.52,1.718
7/29/2025,west_africa_india,summer,7,1.72,8.8,3,9.76,5.12,0.542
7/30/2025,australia_china,summer,7,2.22,11,3,15.59,9.1,0.713
7/31/2025,south_africa_china,summer,7,3.78,11.1,5,28.11,16.78,1.873
7/31/2025,brazil_china,summer,7,3.32,8.6,5,22.45,13.12,1.038
7/31/2025,canada_china,summer,7,2.4,15.6,3,20.72,15.49,1.379
7/31/2025,australia_south_korea,summer,7,2,8.7,3,11.97,7.19,0.633
8/1/2025,brazil_malaysia,summer,8,2.27,16.1,3,20.1,13.44,1.889
8/1/2025,indonesia_india,summer,8,2.45,18.9,3,23.73,16.13,1.093
8/1/2025,west_africa_india,summer,8,2.09,19.4,3,21.19,13.59,1.584
8/2/2025,australia_china,summer,8,1.62,17.9,3,16.35,11.57,0.44
8/2/2025,brazil_china,summer,8,1.91,17.4,3,18.19,11.84,1.674
8/3/2025,australia_south_korea,summer,8,2.8,9.9,3,19.32,13.13,1.356
8/3/2025,canada_china,summer,8,1.05,8.8,3,4.37,4.91,0.433
8/3/2025,south_africa_china,summer,8,2.59,11.7,3,19.06,10.95,1.26
8/4/2025,indonesia_india,summer,8,1.75,13.4,3,13.77,7.51,0.7
8/4/2025,west_africa_india,summer,8,2.01,9.9,3,12.97,8.93,0.809
8/5/2025,brazil_china,summer,8,3,18.7,3,27.97,17.56,2.247
8/5/2025,brazil_malaysia,summer,8,2.82,13,3,21.95,15.82,1.59
8/6/2025,australia_china,summer,8,3.53,8.3,5,23.88,14.56,1.661
8/6/2025,south_africa_china,summer,8,2.91,15.1,3,24.38,16.27,1.357
8/7/2025,australia_south_korea,summer,8,3.53,16.4,5,30.4,18.4,1.611
8/7/2025,brazil_malaysia,summer,8,2.3,9.3,3,14.85,9.26,1.016
8/7/2025,canada_china,summer,8,2.02,15.8,3,17.78,12.87,1.379
8/7/2025,west_africa_india,summer,8,3.24,11.4,5,24.05,13.95,1.683
8/8/2025,indonesia_india,summer,8,2.79,13.4,3,22,12.56,1.039
8/8/2025,brazil_china,summer,8,2.93,15,3,24.44,15.58,1.629
8/9/2025,brazil_malaysia,summer,8,3.56,20.3,5,33.74,21.77,2.667
8/9/2025,south_africa_china,summer,8,3.41,8.8,5,23.35,13.6,1.387
8/9/2025,australia_china,summer,8,3.97,13.8,5,31.81,19.13,1.545
8/10/2025,west_africa_india,summer,8,2.61,8.8,3,16.92,11.63,1.001
8/10/2025,brazil_china,summer,8,2.17,15.8,3,19.02,10.23,1.403
8/11/2025,indonesia_india,summer,8,2.09,9.2,3,13.08,9.62,0.734
8/11/2025,australia_south_korea,summer,8,3.76,17,5,32.66,21.34,1.807
8/11/2025,south_africa_china,summer,8,3.43,18.8,5,31.52,19.61,1.792
8/11/2025,canada_china,summer,8,1.62,17.5,3,15.9,11.47,1.501
8/13/2025,australia_south_korea,summer,8,3,20,3,28.95,18.57,1.826
8/13/2025,brazil_malaysia,summer,8,2.96,20.7,3,29.23,20.43,2.269
8/13/2025,australia_china,summer,8,1.96,19.1,3,19.95,12.37,1.27
8/13/2025,west_africa_india,summer,8,3.59,16.6,5,30.99,20.81,1.608
8/13/2025,brazil_china,summer,8,2.61,12.6,3,19.92,14.2,1.623
8/14/2025,canada_china,summer,8,2.63,9.6,3,17.72,9.59,1.265
8/14/2025,south_africa_china,summer,8,1.73,12.1,3,12.5,6.08,0.502
8/15/2025,australia_south_korea,summer,8,1.69,11.9,3,12.04,6.75,1.059
8/15/2025,indonesia_india,summer,8,1.79,16.8,3,16.73,10.83,0.883
8/16/2025,west_africa_india,summer,8,1.88,17.1,3,17.73,10.93,0.961
8/16/2025,brazil_china,summer,8,3.64,12.3,5,27.96,18,1.859
8/16/2025,south_africa_china,summer,8,3.04,15.4,5,25.6,15.35,1.563
8/16/2025,canada_china,summer,8,3.03,8.7,5,20.19,12.7,0.947
8/17/2025,australia_china,summer,8,2.27,12.1,3,16.82,10.02,1.08
8/17/2025,brazil_malaysia,summer,8,2.38,22.5,3,26.1,17.43,1.933
8/17/2025,australia_south_korea,summer,8,2.21,8.7,3,13.64,9.28,1.011
8/18/2025,west_africa_india,summer,8,1.93,16.4,3,17.54,11.31,1.092
8/18/2025,brazil_china,summer,8,1.94,7.7,3,10.7,5.98,0.559
8/18/2025,south_africa_china,summer,8,2.7,11.5,3,19.76,12.57,1.103
8/19/2025,australia_china,summer,8,2.49,16.6,3,22.26,15.09,1.252
8/19/2025,canada_china,summer,8,1.39,12.1,3,9.75,6.66,0.859
8/19/2025,indonesia_india,summer,8,2.8,16.6,3,24.72,15.1,0.942
8/20/2025,brazil_china,summer,8,2.75,11.5,3,20.21,12.81,1.471
8/20/2025,brazil_malaysia,summer,8,2.19,15.9,3,19.27,11.95,1.686
8/20/2025,australia_south_korea,summer,8,3.96,19.5,5,36.26,23.66,1.619
8/21/2025,west_africa_india,summer,8,2.71,17.4,3,24.63,16.38,1.881
8/21/2025,south_africa_china,summer,8,2.95,12.7,3,22.78,15.21,1.214
8/21/2025,indonesia_india,summer,8,1.73,18.7,3,17.78,12.44,1.162
8/22/2025,brazil_malaysia,summer,8,2.49,10.8,3,17.54,10.35,1.409
8/22/2025,australia_china,summer,8,1.8,10.3,3,11.64,8.76,0.724
8/22/2025,brazil_china,summer,8,2.04,13.3,3,16,10.34,0.983
8/23/2025,west_africa_india,summer,8,2.57,9.8,3,17.41,10.46,0.675
8/23/2025,canada_china,summer,8,3.2,6.8,5,19.99,12.13,1.127
8/24/2025,australia_china,summer,8,1.6,10.8,3,10.49,7.55,0.721
8/24/2025,brazil_china,summer,8,2.41,17,3,21.92,15.13,1.781
8/24/2025,south_africa_china,summer,8,2.11,15.8,3,18.58,12.09,0.991
8/24/2025,australia_south_korea,summer,8,2.78,17.1,3,24.87,17.39,1.319
8/25/2025,canada_china,summer,8,2.76,8.8,3,18.12,11.24,1.294
8/25/2025,indonesia_india,summer,8,3.1,20.5,5,30.22,20.86,1.198
8/25/2025,west_africa_india,summer,8,2.95,14,3,23.85,15.4,1.431
8/26/2025,south_africa_china,summer,8,2.17,14,3,17.52,11.36,1.127
8/26/2025,brazil_malaysia,summer,8,2.01,12.2,3,14.84,10.64,1.312
8/27/2025,brazil_china,summer,8,1.24,18.3,3,13.53,7.34,1.464
8/27/2025,australia_china,summer,8,3.56,13.6,5,28.4,18.29,1.553
8/27/2025,indonesia_india,summer,8,2.88,8.7,3,18.98,14.01,0.681
8/28/2025,canada_china,summer,8,3.36,21,5,32.71,20.92,2.22
8/28/2025,australia_south_korea,summer,8,1.68,13.1,3,12.96,8.19,0.476
8/29/2025,brazil_china,summer,8,2.33,16.3,3,20.67,14.33,1.868
8/29/2025,australia_china,summer,8,2.11,13.3,3,16.51,8.31,1.235
8/29/2025,south_africa_china,summer,8,1.95,17.2,3,18.31,11.62,1.152
8/29/2025,west_africa_india,summer,8,3.33,14.7,5,27.38,17.04,1.512
8/30/2025,brazil_malaysia,summer,8,3.69,17.5,5,32.53,21.21,2.089
8/30/2025,indonesia_india,summer,8,2.95,13.4,3,23.32,13.95,1.269
8/31/2025,south_africa_china,summer,8,2.42,14.1,3,19.63,12.08,1.393
8/31/2025,australia_south_korea,summer,8,2.21,10.2,3,14.85,9.58,0.548
8/31/2025,canada_china,summer,8,2.92,7.8,3,18.53,10.86,1.051
8/31/2025,brazil_china,summer,8,3.6,9.3,5,25.28,15.88,1.973
9/1/2025,indonesia_india,autumn,9,2.28,11.3,3,16.31,11.14,0.755
9/1/2025,west_africa_india,autumn,9,3.2,8.5,5,21.34,12.39,1.279
9/2/2025,south_africa_china,autumn,9,2.63,10.5,3,18.44,8.62,0.927
9/2/2025,australia_china,autumn,9,2.03,15.6,3,17.7,11.47,1.446
9/3/2025,brazil_malaysia,autumn,9,1.1,17.3,3,11.64,6.75,1.355
9/3/2025,australia_south_korea,autumn,9,2.75,7.1,3,16.68,10.56,0.61
9/3/2025,west_africa_india,autumn,9,3.34,11.8,5,25.19,15.85,1.643
9/4/2025,brazil_china,autumn,9,3.5,15.1,5,29.12,18.19,2.304
9/4/2025,canada_china,autumn,9,1.26,17.7,3,13.28,8.57,0.871
9/4/2025,indonesia_india,autumn,9,2.25,14.6,3,18.67,10.82,1.055
9/5/2025,south_africa_china,autumn,9,2.32,11.2,3,16.51,9.79,1.152
9/5/2025,brazil_malaysia,autumn,9,1.73,11.3,3,11.85,5.8,0.779
9/5/2025,australia_south_korea,autumn,9,2.15,9.2,3,13.61,8.16,0.728
9/6/2025,brazil_china,autumn,9,3.27,18.8,5,30.22,19.61,2.213
9/6/2025,australia_china,autumn,9,2.94,9.7,3,20.28,12.04,1.139
9/6/2025,west_africa_india,autumn,9,2.58,8.8,3,16.63,10.4,0.719
9/6/2025,canada_china,autumn,9,3.23,10.2,5,23.03,15.01,1.499
9/7/2025,indonesia_india,autumn,9,1.97,19.9,3,20.71,14.25,1.284
9/8/2025,south_africa_china,autumn,9,4.07,15.4,5,33.83,21.31,1.778
9/8/2025,west_africa_india,autumn,9,1.86,16.8,3,17.35,12.56,1.293
9/8/2025,brazil_malaysia,autumn,9,3.48,18,5,31.24,21.31,2.73
9/8/2025,australia_south_korea,autumn,9,2.64,18.8,3,25.12,16.49,1.439
9/9/2025,brazil_china,autumn,9,2.24,9.2,3,14.28,6.3,1.22
9/9/2025,australia_china,autumn,9,2.37,14.8,3,19.79,11.79,1.551
9/10/2025,indonesia_india,autumn,9,3.02,6.8,5,18.63,10.43,0.886
9/10/2025,australia_south_korea,autumn,9,2.77,13,3,21.59,15.19,1.333
9/10/2025,west_africa_india,autumn,9,1.83,12.4,3,13.56,8.26,0.968
9/10/2025,south_africa_china,autumn,9,2.25,7.2,3,12.77,7.5,0.759
9/10/2025,canada_china,autumn,9,2.94,9.4,3,19.99,13.23,1.305
9/11/2025,brazil_malaysia,autumn,9,2.61,11.7,3,19.17,10.79,1.491
9/11/2025,brazil_china,autumn,9,2.39,13.9,3,19.23,13.98,1.771
9/13/2025,west_africa_india,autumn,9,1.54,13.1,3,11.81,8.37,0.952
9/13/2025,australia_china,autumn,9,2.97,15.8,3,25.4,17.34,1.699
9/14/2025,australia_south_korea,autumn,9,3.3,12.2,5,25.21,15.07,1.392
9/14/2025,south_africa_china,autumn,9,3.03,6.9,5,18.72,10.21,1.359
9/14/2025,brazil_malaysia,autumn,9,2.35,11.6,3,17.12,12.26,0.937
9/14/2025,indonesia_india,autumn,9,2.42,13.8,3,19.41,12,1.107
9/14/2025,canada_china,autumn,9,3.02,10.3,5,21.41,12.67,1.144
9/15/2025,brazil_china,autumn,9,3.35,18,5,30.24,16.64,2.344
9/16/2025,australia_china,autumn,9,1.69,18.1,3,16.99,8.98,0.912
9/16/2025,australia_south_korea,autumn,9,2.21,17.6,3,20.75,13.74,0.942
9/16/2025,indonesia_india,autumn,9,2.95,13.7,3,23.6,16.83,1.136
9/16/2025,west_africa_india,autumn,9,2.77,9.6,3,18.79,12.15,1.183
9/17/2025,brazil_malaysia,autumn,9,2.38,15.4,3,20.34,13.86,1.812
9/18/2025,canada_china,autumn,9,1.42,8.5,3,7.2,3.83,0.285
9/18/2025,brazil_china,autumn,9,2.21,20.3,3,22.92,16.32,1.71
9/18/2025,south_africa_china,autumn,9,2.22,8,3,13.18,6.97,0.848
9/18/2025,australia_south_korea,autumn,9,3.07,14.1,5,24.86,18.4,1.276
9/19/2025,australia_china,autumn,9,2.65,16.1,3,23.04,15.55,1.542
9/19/2025,west_africa_india,autumn,9,1.89,14.9,3,16.05,9.84,1.192
9/19/2025,brazil_malaysia,autumn,9,1.9,15.4,3,16.57,11.39,0.918
9/20/2025,indonesia_india,autumn,9,1.83,14.2,3,15,9.87,1.002
9/20/2025,south_africa_china,autumn,9,2.27,12.2,3,16.92,9.07,0.932
9/20/2025,canada_china,autumn,9,2.61,14.8,3,21.73,12.99,1.39
9/21/2025,brazil_china,autumn,9,2.63,18.3,3,24.7,15.79,1.907
9/21/2025,australia_south_korea,autumn,9,2.55,14.7,3,21.16,13.05,1.377
9/22/2025,indonesia_india,autumn,9,2.39,12.3,3,17.89,11.65,0.707
9/22/2025,west_africa_india,autumn,9,2.76,12,3,20.69,13.58,1.137
9/23/2025,brazil_malaysia,autumn,9,3.01,21.8,5,30.46,20.91,2.511
9/23/2025,australia_china,autumn,9,3.19,18.4,5,29.29,18.9,1.471
9/23/2025,brazil_china,autumn,9,3.11,16.3,5,26.93,17.79,2.182
9/23/2025,south_africa_china,autumn,9,3.11,16,5,26.7,18.23,1.591
9/24/2025,canada_china,autumn,9,2.89,9.6,3,19.79,12.03,1.295
9/24/2025,australia_south_korea,autumn,9,2.23,11.6,3,16.05,11.64,0.635
9/25/2025,indonesia_india,autumn,9,2.91,10.1,3,20.36,12.91,1.135
9/25/2025,australia_china,autumn,9,1.96,11.4,3,13.78,7.27,0.896
9/25/2025,south_africa_china,autumn,9,1.97,10.4,3,13.14,6.69,0.754
9/25/2025,brazil_malaysia,autumn,9,2.47,6.1,3,13.65,7.72,1.132
9/26/2025,australia_south_korea,autumn,9,1.78,13.9,3,14.36,9.95,0.669
9/26/2025,brazil_china,autumn,9,2.17,10.3,3,14.62,9.83,1.614
9/26/2025,west_africa_india,autumn,9,1.91,20.2,3,20.42,12.36,1.398
9/26/2025,canada_china,autumn,9,1.41,12.8,3,10.55,6.51,0.847
9/28/2025,australia_south_korea,autumn,9,2.55,12.1,3,19.05,10.66,0.745
9/28/2025,indonesia_india,autumn,9,2.98,15.3,3,25.06,17.57,1.375
9/28/2025,brazil_china,autumn,9,2.83,9.2,3,19.01,12.62,1.495
9/28/2025,west_africa_india,autumn,9,3.03,9.1,5,20.48,12.78,1.145
9/29/2025,brazil_malaysia,autumn,9,2.4,18.5,3,22.93,15.64,1.764
9/29/2025,south_africa_china,autumn,9,1.79,6.7,3,8.69,6.08,0.735
9/29/2025,canada_china,autumn,9,2.25,9.7,3,14.82,9.58,1.233
9/29/2025,australia_china,autumn,9,1.93,7.2,3,10.19,3.64,0.753
10/1/2025,brazil_china,autumn,10,1.16,9.6,3,6.02,3.41,0.68
10/1/2025,brazil_malaysia,autumn,10,1.98,16.5,3,18.03,11.29,1.532
10/1/2025,west_africa_india,autumn,10,3.08,11.4,5,22.73,13.13,1.133
10/2/2025,south_africa_china,autumn,10,3.52,11.2,5,26.15,17.11,1.581
10/2/2025,australia_south_korea,autumn,10,2.75,14.7,3,22.73,13.63,1.461
10/2/2025,indonesia_india,autumn,10,1.52,8.6,3,8.09,5.56,0.459
10/3/2025,brazil_malaysia,autumn,10,3.37,8.9,5,23.05,14.65,1.526
10/3/2025,canada_china,autumn,10,2.21,16,3,19.48,12.07,1.383
10/3/2025,brazil_china,autumn,10,2.72,12.4,3,20.69,11.67,1.291
10/3/2025,west_africa_india,autumn,10,3.16,15.4,5,26.64,18.19,1.468
10/3/2025,australia_china,autumn,10,2.88,14.8,3,23.91,13.77,1.409
10/4/2025,australia_south_korea,autumn,10,1.37,15.1,3,12.1,7.45,0.239
10/4/2025,indonesia_india,autumn,10,2.62,17,3,23.59,16.18,1.204
10/5/2025,brazil_china,autumn,10,1.75,14.9,3,14.9,9.87,1.153
10/6/2025,australia_china,autumn,10,1.88,10.3,3,12.26,6.08,0.704
10/6/2025,west_africa_india,autumn,10,2.43,8.2,3,14.94,8.23,0.775
10/6/2025,canada_china,autumn,10,2.28,16.5,3,20.4,13.84,1.75
10/6/2025,south_africa_china,autumn,10,1.27,21.2,3,16.15,11.04,1.259
10/6/2025,indonesia_india,autumn,10,1.53,18.6,3,16.11,11.16,1.175
10/7/2025,brazil_malaysia,autumn,10,3.5,18.5,5,31.79,22.35,2.719
10/8/2025,australia_south_korea,autumn,10,2.32,19.3,3,22.98,15.39,1.183
10/8/2025,australia_china,autumn,10,3.34,7.4,5,21.62,13.19,1.717
10/8/2025,brazil_china,autumn,10,2.24,18.5,3,21.68,14.34,1.533
10/9/2025,brazil_malaysia,autumn,10,3.04,11.4,5,22.47,14.26,1.805
10/9/2025,west_africa_india,autumn,10,3.09,13.5,5,24.56,13.17,1.379
10/10/2025,indonesia_india,autumn,10,1.68,16.1,3,15.27,9.4,0.288
10/10/2025,south_africa_china,autumn,10,2.77,6.6,3,16.41,10.85,0.531
10/10/2025,canada_china,autumn,10,2.37,16.2,3,20.94,13.34,1.522
10/10/2025,australia_china,autumn,10,2.7,11.7,3,19.95,13.98,0.791
10/12/2025,indonesia_india,autumn,10,2.63,11.7,3,19.42,12.02,1.36
10/12/2025,west_africa_india,autumn,10,1.78,14,3,14.43,9.71,1.138
10/12/2025,south_africa_china,autumn,10,3.56,16.9,5,31,20.6,1.681
10/12/2025,australia_south_korea,autumn,10,3.28,13.6,5,26.1,16.14,1.199
10/13/2025,brazil_malaysia,autumn,10,3.47,7.4,5,22.66,14.66,1.782
10/13/2025,canada_china,autumn,10,2.81,20.9,3,28.21,19.09,1.877
10/14/2025,australia_china,autumn,10,1.55,16.5,3,14.68,7.63,1.187
10/14/2025,south_africa_china,autumn,10,1.48,19.2,3,16.22,10.97,1.12
10/14/2025,australia_south_korea,autumn,10,1.67,13.5,3,13.18,10.96,0.908
10/14/2025,indonesia_india,autumn,10,1.58,17.3,3,15.46,10.18,0.754
10/15/2025,brazil_malaysia,autumn,10,2.79,8.8,3,18.35,11.37,1.312
10/16/2025,west_africa_india,autumn,10,2.82,13.2,3,22.11,13.77,1.546
10/16/2025,canada_china,autumn,10,2.39,18.2,3,22.65,14.35,1.412
10/17/2025,south_africa_china,autumn,10,2.22,10.7,3,15.33,10.64,1.114
10/18/2025,west_africa_india,autumn,10,1.68,13.5,3,13.2,10.48,1.053
10/18/2025,australia_china,autumn,10,1.54,16.7,3,14.65,10.65,0.911
10/18/2025,australia_south_korea,autumn,10,3.58,15.5,5,30.06,16.92,1.729
10/18/2025,indonesia_india,autumn,10,3.61,10.3,5,26.08,16.62,1.149
10/19/2025,canada_china,autumn,10,1.2,11.8,3,8.06,6.05,0.517
10/20/2025,south_africa_china,autumn,10,1.98,13.5,3,15.66,9.88,0.989
10/20/2025,australia_south_korea,autumn,10,2.43,12.6,3,18.5,11.34,0.703
10/22/2025,canada_china,autumn,10,2.48,16.1,3,21.75,13.49,1.705
10/22/2025,indonesia_india,autumn,10,3.12,17.9,5,28.29,20.5,1.175
10/23/2025,australia_south_korea,autumn,10,1.97,20,3,20.8,13.66,0.876
10/24/2025,south_africa_china,autumn,10,3.13,11.7,5,23.41,15.29,1.543
10/24/2025,canada_china,autumn,10,3.39,13.4,5,26.83,15.96,1.279
10/26/2025,canada_china,autumn,10,1.76,15.6,3,15.56,9.89,1
10/26/2025,indonesia_india,autumn,10,1.68,8.4,3,9.11,5.58,0.297
10/27/2025,south_africa_china,autumn,10,2.93,13.5,3,23.28,15.57,1.588
10/27/2025,australia_south_korea,autumn,10,2.89,10.9,3,20.88,12.71,0.898
10/28/2025,canada_china,autumn,10,2.09,13.4,3,16.4,10.17,1.068
10/29/2025,indonesia_india,autumn,10,2.28,14.1,3,18.5,12.24,0.952
10/29/2025,australia_south_korea,autumn,10,2.03,5.7,3,9.8,5.87,0.4
10/30/2025,south_africa_china,autumn,10,2,11.7,3,14.34,9.39,1.277
10/30/2025,canada_china,autumn,10,1.72,13.4,3,13.5,8.97,1.08
10/31/2025,australia_south_korea,autumn,10,3.26,19.2,5,30.42,19.57,1.513
11/1/2025,south_africa_china,autumn,11,2.98,14.4,3,24.35,15.79,1.609
11/1/2025,indonesia_india,autumn,11,2.77,9.8,3,18.99,12.14,0.887
11/3/2025,indonesia_india,autumn,11,2.87,10.8,3,20.61,13.96,1.11
11/4/2025,australia_south_korea,autumn,11,1.6,19.8,3,17.66,11.48,0.905
11/6/2025,australia_south_korea,autumn,11,2.83,15.5,3,24.04,16.07,1.083
11/7/2025,indonesia_india,autumn,11,2.64,8.9,3,17.25,10.22,0.571
11/8/2025,australia_south_korea,autumn,11,3.02,12.1,5,22.8,14.11,0.914
11/9/2025,indonesia_india,autumn,11,3.35,10,5,23.81,12.84,1.49
11/11/2025,indonesia_india,autumn,11,1.37,15.8,3,12.61,7.01,0.767
